DatoNokkel;Organisasjonsnokkel;Konto;Prosjekt;Belop;Tekst;TransaksjonsID;UseCasesRef
20260101;I001K1;5000;DRIFT;471905.0;Månedslønn faste ansatte;TX10001;Lønn/Drift
20260101;I001K1;5400;DRIFT;66538.6;Arbeidsgiveravgift;TX10002;Lønn/Drift
20260101;I001K1;5420;DRIFT;47190.5;Pensjonspremie SPK;TX10003;Lønn/Drift
20260101;I001K1;6300;DRIFT;85000.0;Husleie og lokaler;TX10004;Drift/Lokaler
20260101;I001K1;6420;DRIFT;25000.0;IKT lisenser og datasystemer;TX10005;Drift/IKT
20260101;I001K1;7130;DRIFT;8648.0;Reise og diett;TX10006;Drift/Reise
20260101;I001K2;5100;EU001;74647.29999999999;Prosjektlønn forsker/stipendiat;TX10007;BOA/Lønn
20260101;I001K2;6800;EU001;31991.699999999997;Prosjektdrift og laboratoriemateriell;TX10008;BOA/Drift
20260101;I001K2;3420;EU001;-106639.0;SRS 10 Inntektsføring bidrag;TX10009;Use Case 2: SRS 10 Motsatt sammenstilling
20260101;I001K2;2180;EU001;106639.0;Reduksjon mottatt forskuddsbetaling bidrag;TX10010;Use Case 2: SRS 10 Balanse
20260101;I002K1;5000;DRIFT;478598.0;Månedslønn faste ansatte;TX10011;Lønn/Drift
20260101;I002K1;5400;DRIFT;67482.32;Arbeidsgiveravgift;TX10012;Lønn/Drift
20260101;I002K1;5420;DRIFT;47859.8;Pensjonspremie SPK;TX10013;Lønn/Drift
20260101;I002K1;6300;DRIFT;85000.0;Husleie og lokaler;TX10014;Drift/Lokaler
20260101;I002K1;6420;DRIFT;25000.0;IKT lisenser og datasystemer;TX10015;Drift/IKT
20260101;I002K1;7130;DRIFT;14012.0;Reise og diett;TX10016;Drift/Reise
20260101;I002K2;5100;EVU001;84734.29999999999;Prosjektlønn forsker/stipendiat;TX10017;BOA/Lønn
20260101;I002K2;6800;EVU001;36314.7;Prosjektdrift og laboratoriemateriell;TX10018;BOA/Drift
20260101;I002K2;3450;EVU001;-110000.0;Oppdragsfaktura EVU;TX10019;Use Case 3: SRS 9 Inntekt
20260101;I004K1;5000;DRIFT;444628.0;Månedslønn faste ansatte;TX10020;Lønn/Drift
20260101;I004K1;5400;DRIFT;62692.55;Arbeidsgiveravgift;TX10021;Lønn/Drift
20260101;I004K1;5420;DRIFT;44462.8;Pensjonspremie SPK;TX10022;Lønn/Drift
20260101;I004K1;6300;DRIFT;85000.0;Husleie og lokaler;TX10023;Drift/Lokaler
20260101;I004K1;6420;DRIFT;25000.0;IKT lisenser og datasystemer;TX10024;Drift/IKT
20260101;I004K1;7130;DRIFT;9572.0;Reise og diett;TX10025;Drift/Reise
20260101;I004K1;5050;DRIFT;59132.0;Overtid praksisoppfølging;TX10026;Use Case 6: Overtid/Sykdom
20260101;I004K2;5100;EVU001;78201.9;Prosjektlønn forsker/stipendiat;TX10027;BOA/Lønn
20260101;I004K2;6800;EVU001;33515.1;Prosjektdrift og laboratoriemateriell;TX10028;BOA/Drift
20260101;I004K2;3450;EVU001;-110000.0;Oppdragsfaktura EVU;TX10029;Use Case 3: SRS 9 Inntekt
20260101;I007K1;5000;DRIFT;474348.0;Månedslønn faste ansatte;TX10030;Lønn/Drift
20260101;I007K1;5400;DRIFT;66883.07;Arbeidsgiveravgift;TX10031;Lønn/Drift
20260101;I007K1;5420;DRIFT;47434.8;Pensjonspremie SPK;TX10032;Lønn/Drift
20260101;I007K1;6300;DRIFT;85000.0;Husleie og lokaler;TX10033;Drift/Lokaler
20260101;I007K1;6420;DRIFT;25000.0;IKT lisenser og datasystemer;TX10034;Drift/IKT
20260101;I007K1;7130;DRIFT;22870.0;Reise og diett;TX10035;Drift/Reise
20260101;I007K2;5100;EVU001;77487.9;Prosjektlønn forsker/stipendiat;TX10036;BOA/Lønn
20260101;I007K2;6800;EVU001;33209.1;Prosjektdrift og laboratoriemateriell;TX10037;BOA/Drift
20260101;I007K2;3450;EVU001;-110000.0;Oppdragsfaktura EVU;TX10038;Use Case 3: SRS 9 Inntekt
20260101;I013K1;5000;DRIFT;468698.0;Månedslønn faste ansatte;TX10039;Lønn/Drift
20260101;I013K1;5400;DRIFT;66086.42;Arbeidsgiveravgift;TX10040;Lønn/Drift
20260101;I013K1;5420;DRIFT;46869.8;Pensjonspremie SPK;TX10041;Lønn/Drift
20260101;I013K1;6300;DRIFT;85000.0;Husleie og lokaler;TX10042;Drift/Lokaler
20260101;I013K1;6420;DRIFT;25000.0;IKT lisenser og datasystemer;TX10043;Drift/IKT
20260101;I013K1;7130;DRIFT;18825.0;Reise og diett;TX10044;Drift/Reise
20260101;I013K2;5100;EVU001;74957.4;Prosjektlønn forsker/stipendiat;TX10045;BOA/Lønn
20260101;I013K2;6800;EVU001;32124.6;Prosjektdrift og laboratoriemateriell;TX10046;BOA/Drift
20260101;I013K2;3450;EVU001;-110000.0;Oppdragsfaktura EVU;TX10047;Use Case 3: SRS 9 Inntekt
20260101;I014K1;5000;DRIFT;431952.0;Månedslønn faste ansatte;TX10048;Lønn/Drift
20260101;I014K1;5400;DRIFT;60905.23;Arbeidsgiveravgift;TX10049;Lønn/Drift
20260101;I014K1;5420;DRIFT;43195.2;Pensjonspremie SPK;TX10050;Lønn/Drift
20260101;I014K1;6300;DRIFT;85000.0;Husleie og lokaler;TX10051;Drift/Lokaler
20260101;I014K1;6420;DRIFT;25000.0;IKT lisenser og datasystemer;TX10052;Drift/IKT
20260101;I014K1;7130;DRIFT;8070.0;Reise og diett;TX10053;Drift/Reise
20260101;I014K2;5100;EVU001;83529.59999999999;Prosjektlønn forsker/stipendiat;TX10054;BOA/Lønn
20260101;I014K2;6800;EVU001;35798.4;Prosjektdrift og laboratoriemateriell;TX10055;BOA/Drift
20260101;I014K2;3450;EVU001;-110000.0;Oppdragsfaktura EVU;TX10056;Use Case 3: SRS 9 Inntekt
20260101;I016K1;5000;DRIFT;445247.0;Månedslønn faste ansatte;TX10057;Lønn/Drift
20260101;I016K1;5400;DRIFT;62779.83;Arbeidsgiveravgift;TX10058;Lønn/Drift
20260101;I016K1;5420;DRIFT;44524.7;Pensjonspremie SPK;TX10059;Lønn/Drift
20260101;I016K1;6300;DRIFT;85000.0;Husleie og lokaler;TX10060;Drift/Lokaler
20260101;I016K1;6420;DRIFT;25000.0;IKT lisenser og datasystemer;TX10061;Drift/IKT
20260101;I016K1;7130;DRIFT;21559.0;Reise og diett;TX10062;Drift/Reise
20260101;I016K2;5100;NFR001;101117.09999999999;Prosjektlønn forsker/stipendiat;TX10063;BOA/Lønn
20260101;I016K2;6800;NFR001;43335.9;Prosjektdrift og laboratoriemateriell;TX10064;BOA/Drift
20260101;I016K2;3400;NFR001;-144453.0;SRS 10 Inntektsføring bidrag;TX10065;Use Case 2: SRS 10 Motsatt sammenstilling
20260101;I016K2;2180;NFR001;144453.0;Reduksjon mottatt forskuddsbetaling bidrag;TX10066;Use Case 2: SRS 10 Balanse
20260101;I017K1;5000;DRIFT;431739.0;Månedslønn faste ansatte;TX10067;Lønn/Drift
20260101;I017K1;5400;DRIFT;60875.2;Arbeidsgiveravgift;TX10068;Lønn/Drift
20260101;I017K1;5420;DRIFT;43173.9;Pensjonspremie SPK;TX10069;Lønn/Drift
20260101;I017K1;6300;DRIFT;85000.0;Husleie og lokaler;TX10070;Drift/Lokaler
20260101;I017K1;6420;DRIFT;25000.0;IKT lisenser og datasystemer;TX10071;Drift/IKT
20260101;I017K1;7130;DRIFT;23390.0;Reise og diett;TX10072;Drift/Reise
20260101;I017K2;5100;EVU001;82621.7;Prosjektlønn forsker/stipendiat;TX10073;BOA/Lønn
20260101;I017K2;6800;EVU001;35409.299999999996;Prosjektdrift og laboratoriemateriell;TX10074;BOA/Drift
20260101;I017K2;3450;EVU001;-110000.0;Oppdragsfaktura EVU;TX10075;Use Case 3: SRS 9 Inntekt
20260101;I019K1;5000;DRIFT;476925.0;Månedslønn faste ansatte;TX10076;Lønn/Drift
20260101;I019K1;5400;DRIFT;67246.42;Arbeidsgiveravgift;TX10077;Lønn/Drift
20260101;I019K1;5420;DRIFT;47692.5;Pensjonspremie SPK;TX10078;Lønn/Drift
20260101;I019K1;6300;DRIFT;85000.0;Husleie og lokaler;TX10079;Drift/Lokaler
20260101;I019K1;6420;DRIFT;25000.0;IKT lisenser og datasystemer;TX10080;Drift/IKT
20260101;I019K1;7130;DRIFT;22856.0;Reise og diett;TX10081;Drift/Reise
20260101;I020K1;5000;DRIFT;457493.0;Månedslønn faste ansatte;TX10082;Lønn/Drift
20260101;I020K1;5400;DRIFT;64506.51;Arbeidsgiveravgift;TX10083;Lønn/Drift
20260101;I020K1;5420;DRIFT;45749.3;Pensjonspremie SPK;TX10084;Lønn/Drift
20260101;I020K1;6300;DRIFT;85000.0;Husleie og lokaler;TX10085;Drift/Lokaler
20260101;I020K1;6420;DRIFT;25000.0;IKT lisenser og datasystemer;TX10086;Drift/IKT
20260101;I020K1;7130;DRIFT;12223.0;Reise og diett;TX10087;Drift/Reise
20260201;I001K1;5000;DRIFT;459439.0;Månedslønn faste ansatte;TX10088;Lønn/Drift
20260201;I001K1;5400;DRIFT;64780.9;Arbeidsgiveravgift;TX10089;Lønn/Drift
20260201;I001K1;5420;DRIFT;45943.9;Pensjonspremie SPK;TX10090;Lønn/Drift
20260201;I001K1;6300;DRIFT;85000.0;Husleie og lokaler;TX10091;Drift/Lokaler
20260201;I001K1;6420;DRIFT;25000.0;IKT lisenser og datasystemer;TX10092;Drift/IKT
20260201;I001K1;7130;DRIFT;24309.0;Reise og diett;TX10093;Drift/Reise
20260201;I001K2;5100;EU001;86261.7;Prosjektlønn forsker/stipendiat;TX10094;BOA/Lønn
20260201;I001K2;6800;EU001;36969.299999999996;Prosjektdrift og laboratoriemateriell;TX10095;BOA/Drift
20260201;I001K2;3420;EU001;-123231.0;SRS 10 Inntektsføring bidrag;TX10096;Use Case 2: SRS 10 Motsatt sammenstilling
20260201;I001K2;2180;EU001;123231.0;Reduksjon mottatt forskuddsbetaling bidrag;TX10097;Use Case 2: SRS 10 Balanse
20260201;I002K1;5000;DRIFT;430425.0;Månedslønn faste ansatte;TX10098;Lønn/Drift
20260201;I002K1;5400;DRIFT;60689.92;Arbeidsgiveravgift;TX10099;Lønn/Drift
20260201;I002K1;5420;DRIFT;43042.5;Pensjonspremie SPK;TX10100;Lønn/Drift
20260201;I002K1;6300;DRIFT;85000.0;Husleie og lokaler;TX10101;Drift/Lokaler
20260201;I002K1;6420;DRIFT;25000.0;IKT lisenser og datasystemer;TX10102;Drift/IKT
20260201;I002K1;7130;DRIFT;10231.0;Reise og diett;TX10103;Drift/Reise
20260201;I002K2;5100;EVU001;92887.2;Prosjektlønn forsker/stipendiat;TX10104;BOA/Lønn
20260201;I002K2;6800;EVU001;39808.799999999996;Prosjektdrift og laboratoriemateriell;TX10105;BOA/Drift
20260201;I002K2;3450;EVU001;-110000.0;Oppdragsfaktura EVU;TX10106;Use Case 3: SRS 9 Inntekt
20260201;I004K1;5000;DRIFT;452298.0;Månedslønn faste ansatte;TX10107;Lønn/Drift
20260201;I004K1;5400;DRIFT;63774.02;Arbeidsgiveravgift;TX10108;Lønn/Drift
20260201;I004K1;5420;DRIFT;45229.8;Pensjonspremie SPK;TX10109;Lønn/Drift
20260201;I004K1;6300;DRIFT;85000.0;Husleie og lokaler;TX10110;Drift/Lokaler
20260201;I004K1;6420;DRIFT;25000.0;IKT lisenser og datasystemer;TX10111;Drift/IKT
20260201;I004K1;7130;DRIFT;14105.0;Reise og diett;TX10112;Drift/Reise
20260201;I004K1;5050;DRIFT;40094.0;Overtid praksisoppfølging;TX10113;Use Case 6: Overtid/Sykdom
20260201;I004K2;5100;EVU001;83377.0;Prosjektlønn forsker/stipendiat;TX10114;BOA/Lønn
20260201;I004K2;6800;EVU001;35733.0;Prosjektdrift og laboratoriemateriell;TX10115;BOA/Drift
20260201;I004K2;3450;EVU001;-110000.0;Oppdragsfaktura EVU;TX10116;Use Case 3: SRS 9 Inntekt
20260201;I007K1;5000;DRIFT;452059.0;Månedslønn faste ansatte;TX10117;Lønn/Drift
20260201;I007K1;5400;DRIFT;63740.32;Arbeidsgiveravgift;TX10118;Lønn/Drift
20260201;I007K1;5420;DRIFT;45205.9;Pensjonspremie SPK;TX10119;Lønn/Drift
20260201;I007K1;6300;DRIFT;85000.0;Husleie og lokaler;TX10120;Drift/Lokaler
20260201;I007K1;6420;DRIFT;25000.0;IKT lisenser og datasystemer;TX10121;Drift/IKT
20260201;I007K1;7130;DRIFT;8349.0;Reise og diett;TX10122;Drift/Reise
20260201;I007K2;5100;EVU001;77754.59999999999;Prosjektlønn forsker/stipendiat;TX10123;BOA/Lønn
20260201;I007K2;6800;EVU001;33323.4;Prosjektdrift og laboratoriemateriell;TX10124;BOA/Drift
20260201;I007K2;3450;EVU001;-110000.0;Oppdragsfaktura EVU;TX10125;Use Case 3: SRS 9 Inntekt
20260201;I013K1;5000;DRIFT;454898.0;Månedslønn faste ansatte;TX10126;Lønn/Drift
20260201;I013K1;5400;DRIFT;64140.62;Arbeidsgiveravgift;TX10127;Lønn/Drift
20260201;I013K1;5420;DRIFT;45489.8;Pensjonspremie SPK;TX10128;Lønn/Drift
20260201;I013K1;6300;DRIFT;85000.0;Husleie og lokaler;TX10129;Drift/Lokaler
20260201;I013K1;6420;DRIFT;25000.0;IKT lisenser og datasystemer;TX10130;Drift/IKT
20260201;I013K1;7130;DRIFT;8169.0;Reise og diett;TX10131;Drift/Reise
20260201;I013K2;5100;EVU001;89968.2;Prosjektlønn forsker/stipendiat;TX10132;BOA/Lønn
20260201;I013K2;6800;EVU001;38557.799999999996;Prosjektdrift og laboratoriemateriell;TX10133;BOA/Drift
20260201;I013K2;3450;EVU001;-110000.0;Oppdragsfaktura EVU;TX10134;Use Case 3: SRS 9 Inntekt
20260201;I014K1;5000;DRIFT;452541.0;Månedslønn faste ansatte;TX10135;Lønn/Drift
20260201;I014K1;5400;DRIFT;63808.28;Arbeidsgiveravgift;TX10136;Lønn/Drift
20260201;I014K1;5420;DRIFT;45254.1;Pensjonspremie SPK;TX10137;Lønn/Drift
20260201;I014K1;6300;DRIFT;85000.0;Husleie og lokaler;TX10138;Drift/Lokaler
20260201;I014K1;6420;DRIFT;25000.0;IKT lisenser og datasystemer;TX10139;Drift/IKT
20260201;I014K1;7130;DRIFT;24782.0;Reise og diett;TX10140;Drift/Reise
20260201;I014K2;5100;EVU001;85634.5;Prosjektlønn forsker/stipendiat;TX10141;BOA/Lønn
20260201;I014K2;6800;EVU001;36700.5;Prosjektdrift og laboratoriemateriell;TX10142;BOA/Drift
20260201;I014K2;3450;EVU001;-110000.0;Oppdragsfaktura EVU;TX10143;Use Case 3: SRS 9 Inntekt
20260201;I016K1;5000;DRIFT;432847.0;Månedslønn faste ansatte;TX10144;Lønn/Drift
20260201;I016K1;5400;DRIFT;61031.43;Arbeidsgiveravgift;TX10145;Lønn/Drift
20260201;I016K1;5420;DRIFT;43284.7;Pensjonspremie SPK;TX10146;Lønn/Drift
20260201;I016K1;6300;DRIFT;85000.0;Husleie og lokaler;TX10147;Drift/Lokaler
20260201;I016K1;6420;DRIFT;25000.0;IKT lisenser og datasystemer;TX10148;Drift/IKT
20260201;I016K1;7130;DRIFT;20054.0;Reise og diett;TX10149;Drift/Reise
20260201;I016K2;5100;NFR001;98099.4;Prosjektlønn forsker/stipendiat;TX10150;BOA/Lønn
20260201;I016K2;6800;NFR001;42042.6;Prosjektdrift og laboratoriemateriell;TX10151;BOA/Drift
20260201;I016K2;3400;NFR001;-140142.0;SRS 10 Inntektsføring bidrag;TX10152;Use Case 2: SRS 10 Motsatt sammenstilling
20260201;I016K2;2180;NFR001;140142.0;Reduksjon mottatt forskuddsbetaling bidrag;TX10153;Use Case 2: SRS 10 Balanse
20260201;I017K1;5000;DRIFT;438180.0;Månedslønn faste ansatte;TX10154;Lønn/Drift
20260201;I017K1;5400;DRIFT;61783.38;Arbeidsgiveravgift;TX10155;Lønn/Drift
20260201;I017K1;5420;DRIFT;43818.0;Pensjonspremie SPK;TX10156;Lønn/Drift
20260201;I017K1;6300;DRIFT;85000.0;Husleie og lokaler;TX10157;Drift/Lokaler
20260201;I017K1;6420;DRIFT;25000.0;IKT lisenser og datasystemer;TX10158;Drift/IKT
20260201;I017K1;7130;DRIFT;17403.0;Reise og diett;TX10159;Drift/Reise
20260201;I017K2;5100;EVU001;77114.79999999999;Prosjektlønn forsker/stipendiat;TX10160;BOA/Lønn
20260201;I017K2;6800;EVU001;33049.2;Prosjektdrift og laboratoriemateriell;TX10161;BOA/Drift
20260201;I017K2;3450;EVU001;-110000.0;Oppdragsfaktura EVU;TX10162;Use Case 3: SRS 9 Inntekt
20260201;I019K1;5000;DRIFT;466178.0;Månedslønn faste ansatte;TX10163;Lønn/Drift
20260201;I019K1;5400;DRIFT;65731.1;Arbeidsgiveravgift;TX10164;Lønn/Drift
20260201;I019K1;5420;DRIFT;46617.8;Pensjonspremie SPK;TX10165;Lønn/Drift
20260201;I019K1;6300;DRIFT;85000.0;Husleie og lokaler;TX10166;Drift/Lokaler
20260201;I019K1;6420;DRIFT;25000.0;IKT lisenser og datasystemer;TX10167;Drift/IKT
20260201;I019K1;7130;DRIFT;14606.0;Reise og diett;TX10168;Drift/Reise
20260201;I020K1;5000;DRIFT;471198.0;Månedslønn faste ansatte;TX10169;Lønn/Drift
20260201;I020K1;5400;DRIFT;66438.92;Arbeidsgiveravgift;TX10170;Lønn/Drift
20260201;I020K1;5420;DRIFT;47119.8;Pensjonspremie SPK;TX10171;Lønn/Drift
20260201;I020K1;6300;DRIFT;85000.0;Husleie og lokaler;TX10172;Drift/Lokaler
20260201;I020K1;6420;DRIFT;25000.0;IKT lisenser og datasystemer;TX10173;Drift/IKT
20260201;I020K1;7130;DRIFT;16850.0;Reise og diett;TX10174;Drift/Reise
20260301;I001K1;5000;DRIFT;467837.0;Månedslønn faste ansatte;TX10175;Lønn/Drift
20260301;I001K1;5400;DRIFT;65965.02;Arbeidsgiveravgift;TX10176;Lønn/Drift
20260301;I001K1;5420;DRIFT;46783.7;Pensjonspremie SPK;TX10177;Lønn/Drift
20260301;I001K1;6300;DRIFT;85000.0;Husleie og lokaler;TX10178;Drift/Lokaler
20260301;I001K1;6420;DRIFT;25000.0;IKT lisenser og datasystemer;TX10179;Drift/IKT
20260301;I001K1;7130;DRIFT;11300.0;Reise og diett;TX10180;Drift/Reise
20260301;I001K2;5100;EU001;76690.59999999999;Prosjektlønn forsker/stipendiat;TX10181;BOA/Lønn
20260301;I001K2;6800;EU001;32867.4;Prosjektdrift og laboratoriemateriell;TX10182;BOA/Drift
20260301;I001K2;3420;EU001;-109558.0;SRS 10 Inntektsføring bidrag;TX10183;Use Case 2: SRS 10 Motsatt sammenstilling
20260301;I001K2;2180;EU001;109558.0;Reduksjon mottatt forskuddsbetaling bidrag;TX10184;Use Case 2: SRS 10 Balanse
20260301;I002K1;5000;DRIFT;433003.0;Månedslønn faste ansatte;TX10185;Lønn/Drift
20260301;I002K1;5400;DRIFT;61053.42;Arbeidsgiveravgift;TX10186;Lønn/Drift
20260301;I002K1;5420;DRIFT;43300.3;Pensjonspremie SPK;TX10187;Lønn/Drift
20260301;I002K1;6300;DRIFT;85000.0;Husleie og lokaler;TX10188;Drift/Lokaler
20260301;I002K1;6420;DRIFT;25000.0;IKT lisenser og datasystemer;TX10189;Drift/IKT
20260301;I002K1;7130;DRIFT;12467.0;Reise og diett;TX10190;Drift/Reise
20260301;I002K2;5100;EVU001;86775.5;Prosjektlønn forsker/stipendiat;TX10191;BOA/Lønn
20260301;I002K2;6800;EVU001;37189.5;Prosjektdrift og laboratoriemateriell;TX10192;BOA/Drift
20260301;I002K2;3450;EVU001;-110000.0;Oppdragsfaktura EVU;TX10193;Use Case 3: SRS 9 Inntekt
20260301;I004K1;5000;DRIFT;435229.0;Månedslønn faste ansatte;TX10194;Lønn/Drift
20260301;I004K1;5400;DRIFT;61367.29;Arbeidsgiveravgift;TX10195;Lønn/Drift
20260301;I004K1;5420;DRIFT;43522.9;Pensjonspremie SPK;TX10196;Lønn/Drift
20260301;I004K1;6300;DRIFT;85000.0;Husleie og lokaler;TX10197;Drift/Lokaler
20260301;I004K1;6420;DRIFT;25000.0;IKT lisenser og datasystemer;TX10198;Drift/IKT
20260301;I004K1;7130;DRIFT;12628.0;Reise og diett;TX10199;Drift/Reise
20260301;I004K1;5050;DRIFT;63392.0;Overtid praksisoppfølging;TX10200;Use Case 6: Overtid/Sykdom
20260301;I004K1;5800;DRIFT;-42000.0;Refusjon sykepenger NAV;TX10201;Use Case 6: NAV Refusjon
20260301;I004K2;5100;EVU001;78133.29999999999;Prosjektlønn forsker/stipendiat;TX10202;BOA/Lønn
20260301;I004K2;6800;EVU001;33485.7;Prosjektdrift og laboratoriemateriell;TX10203;BOA/Drift
20260301;I004K2;3450;EVU001;-110000.0;Oppdragsfaktura EVU;TX10204;Use Case 3: SRS 9 Inntekt
20260301;I007K1;5000;DRIFT;454911.0;Månedslønn faste ansatte;TX10205;Lønn/Drift
20260301;I007K1;5400;DRIFT;64142.45;Arbeidsgiveravgift;TX10206;Lønn/Drift
20260301;I007K1;5420;DRIFT;45491.1;Pensjonspremie SPK;TX10207;Lønn/Drift
20260301;I007K1;6300;DRIFT;85000.0;Husleie og lokaler;TX10208;Drift/Lokaler
20260301;I007K1;6420;DRIFT;25000.0;IKT lisenser og datasystemer;TX10209;Drift/IKT
20260301;I007K1;7130;DRIFT;14108.0;Reise og diett;TX10210;Drift/Reise
20260301;I007K2;5100;EVU001;94299.79999999999;Prosjektlønn forsker/stipendiat;TX10211;BOA/Lønn
20260301;I007K2;6800;EVU001;40414.2;Prosjektdrift og laboratoriemateriell;TX10212;BOA/Drift
20260301;I007K2;3450;EVU001;-110000.0;Oppdragsfaktura EVU;TX10213;Use Case 3: SRS 9 Inntekt
20260301;I013K1;5000;DRIFT;471660.0;Månedslønn faste ansatte;TX10214;Lønn/Drift
20260301;I013K1;5400;DRIFT;66504.06;Arbeidsgiveravgift;TX10215;Lønn/Drift
20260301;I013K1;5420;DRIFT;47166.0;Pensjonspremie SPK;TX10216;Lønn/Drift
20260301;I013K1;6300;DRIFT;85000.0;Husleie og lokaler;TX10217;Drift/Lokaler
20260301;I013K1;6420;DRIFT;25000.0;IKT lisenser og datasystemer;TX10218;Drift/IKT
20260301;I013K1;7130;DRIFT;16954.0;Reise og diett;TX10219;Drift/Reise
20260301;I013K2;5100;EVU001;80961.29999999999;Prosjektlønn forsker/stipendiat;TX10220;BOA/Lønn
20260301;I013K2;6800;EVU001;34697.7;Prosjektdrift og laboratoriemateriell;TX10221;BOA/Drift
20260301;I013K2;3450;EVU001;-110000.0;Oppdragsfaktura EVU;TX10222;Use Case 3: SRS 9 Inntekt
20260301;I014K1;5000;DRIFT;454260.0;Månedslønn faste ansatte;TX10223;Lønn/Drift
20260301;I014K1;5400;DRIFT;64050.66;Arbeidsgiveravgift;TX10224;Lønn/Drift
20260301;I014K1;5420;DRIFT;45426.0;Pensjonspremie SPK;TX10225;Lønn/Drift
20260301;I014K1;6300;DRIFT;85000.0;Husleie og lokaler;TX10226;Drift/Lokaler
20260301;I014K1;6420;DRIFT;25000.0;IKT lisenser og datasystemer;TX10227;Drift/IKT
20260301;I014K1;7130;DRIFT;16641.0;Reise og diett;TX10228;Drift/Reise
20260301;I014K2;5100;EVU001;83111.0;Prosjektlønn forsker/stipendiat;TX10229;BOA/Lønn
20260301;I014K2;6800;EVU001;35619.0;Prosjektdrift og laboratoriemateriell;TX10230;BOA/Drift
20260301;I014K2;3450;EVU001;-110000.0;Oppdragsfaktura EVU;TX10231;Use Case 3: SRS 9 Inntekt
20260301;I016K1;5000;DRIFT;473920.0;Månedslønn faste ansatte;TX10232;Lønn/Drift
20260301;I016K1;5400;DRIFT;66822.72;Arbeidsgiveravgift;TX10233;Lønn/Drift
20260301;I016K1;5420;DRIFT;47392.0;Pensjonspremie SPK;TX10234;Lønn/Drift
20260301;I016K1;6300;DRIFT;85000.0;Husleie og lokaler;TX10235;Drift/Lokaler
20260301;I016K1;6420;DRIFT;25000.0;IKT lisenser og datasystemer;TX10236;Drift/IKT
20260301;I016K1;7130;DRIFT;13748.0;Reise og diett;TX10237;Drift/Reise
20260301;I016K2;5100;NFR001;76775.29999999999;Prosjektlønn forsker/stipendiat;TX10238;BOA/Lønn
20260301;I016K2;6800;NFR001;32903.7;Prosjektdrift og laboratoriemateriell;TX10239;BOA/Drift
20260301;I016K2;3400;NFR001;-109679.0;SRS 10 Inntektsføring bidrag;TX10240;Use Case 2: SRS 10 Motsatt sammenstilling
20260301;I016K2;2180;NFR001;109679.0;Reduksjon mottatt forskuddsbetaling bidrag;TX10241;Use Case 2: SRS 10 Balanse
20260301;I017K1;5000;DRIFT;469920.0;Månedslønn faste ansatte;TX10242;Lønn/Drift
20260301;I017K1;5400;DRIFT;66258.72;Arbeidsgiveravgift;TX10243;Lønn/Drift
20260301;I017K1;5420;DRIFT;46992.0;Pensjonspremie SPK;TX10244;Lønn/Drift
20260301;I017K1;6300;DRIFT;85000.0;Husleie og lokaler;TX10245;Drift/Lokaler
20260301;I017K1;6420;DRIFT;25000.0;IKT lisenser og datasystemer;TX10246;Drift/IKT
20260301;I017K1;7130;DRIFT;10607.0;Reise og diett;TX10247;Drift/Reise
20260301;I017K2;5100;EVU001;98003.5;Prosjektlønn forsker/stipendiat;TX10248;BOA/Lønn
20260301;I017K2;6800;EVU001;42001.5;Prosjektdrift og laboratoriemateriell;TX10249;BOA/Drift
20260301;I017K2;3450;EVU001;-110000.0;Oppdragsfaktura EVU;TX10250;Use Case 3: SRS 9 Inntekt
20260301;I019K1;5000;DRIFT;477784.0;Månedslønn faste ansatte;TX10251;Lønn/Drift
20260301;I019K1;5400;DRIFT;67367.54;Arbeidsgiveravgift;TX10252;Lønn/Drift
20260301;I019K1;5420;DRIFT;47778.4;Pensjonspremie SPK;TX10253;Lønn/Drift
20260301;I019K1;6300;DRIFT;85000.0;Husleie og lokaler;TX10254;Drift/Lokaler
20260301;I019K1;6420;DRIFT;25000.0;IKT lisenser og datasystemer;TX10255;Drift/IKT
20260301;I019K1;7130;DRIFT;13021.0;Reise og diett;TX10256;Drift/Reise
20260301;I020K1;5000;DRIFT;440708.0;Månedslønn faste ansatte;TX10257;Lønn/Drift
20260301;I020K1;5400;DRIFT;62139.83;Arbeidsgiveravgift;TX10258;Lønn/Drift
20260301;I020K1;5420;DRIFT;44070.8;Pensjonspremie SPK;TX10259;Lønn/Drift
20260301;I020K1;6300;DRIFT;85000.0;Husleie og lokaler;TX10260;Drift/Lokaler
20260301;I020K1;6420;DRIFT;25000.0;IKT lisenser og datasystemer;TX10261;Drift/IKT
20260301;I020K1;7130;DRIFT;20147.0;Reise og diett;TX10262;Drift/Reise
20260301;I020K1;1250;INV001;1200000.0;Kjøp av ny serverpark (Aktivert SRS 17);TX10263;Use Case 4: SRS 17 Aktivering
20260301;I020K1;2050;INV001;-1200000.0;Statens finansiering av anleggsmidler;TX10264;Use Case 4: SRS 17 Motkonto
20260301;I020K1;6050;INV001;33333.33;Månedlig avskrivning serverpark (5 år);TX10265;Use Case 4: SRS 17 Avskrivning
20260401;I001K1;5000;DRIFT;454867.0;Månedslønn faste ansatte;TX10266;Lønn/Drift
20260401;I001K1;5400;DRIFT;64136.25;Arbeidsgiveravgift;TX10267;Lønn/Drift
20260401;I001K1;5420;DRIFT;45486.7;Pensjonspremie SPK;TX10268;Lønn/Drift
20260401;I001K1;6300;DRIFT;85000.0;Husleie og lokaler;TX10269;Drift/Lokaler
20260401;I001K1;6420;DRIFT;25000.0;IKT lisenser og datasystemer;TX10270;Drift/IKT
20260401;I001K1;7130;DRIFT;13845.0;Reise og diett;TX10271;Drift/Reise
20260401;I001K2;5100;EU001;99050.0;Prosjektlønn forsker/stipendiat;TX10272;BOA/Lønn
20260401;I001K2;6800;EU001;42450.0;Prosjektdrift og laboratoriemateriell;TX10273;BOA/Drift
20260401;I001K2;3420;EU001;-141500.0;SRS 10 Inntektsføring bidrag;TX10274;Use Case 2: SRS 10 Motsatt sammenstilling
20260401;I001K2;2180;EU001;141500.0;Reduksjon mottatt forskuddsbetaling bidrag;TX10275;Use Case 2: SRS 10 Balanse
20260401;I002K1;5000;DRIFT;444392.0;Månedslønn faste ansatte;TX10276;Lønn/Drift
20260401;I002K1;5400;DRIFT;62659.27;Arbeidsgiveravgift;TX10277;Lønn/Drift
20260401;I002K1;5420;DRIFT;44439.2;Pensjonspremie SPK;TX10278;Lønn/Drift
20260401;I002K1;6300;DRIFT;85000.0;Husleie og lokaler;TX10279;Drift/Lokaler
20260401;I002K1;6420;DRIFT;25000.0;IKT lisenser og datasystemer;TX10280;Drift/IKT
20260401;I002K1;7130;DRIFT;15626.0;Reise og diett;TX10281;Drift/Reise
20260401;I002K2;5100;EVU001;76065.5;Prosjektlønn forsker/stipendiat;TX10282;BOA/Lønn
20260401;I002K2;6800;EVU001;32599.5;Prosjektdrift og laboratoriemateriell;TX10283;BOA/Drift
20260401;I002K2;3450;EVU001;-110000.0;Oppdragsfaktura EVU;TX10284;Use Case 3: SRS 9 Inntekt
20260401;I004K1;5000;DRIFT;445010.0;Månedslønn faste ansatte;TX10285;Lønn/Drift
20260401;I004K1;5400;DRIFT;62746.41;Arbeidsgiveravgift;TX10286;Lønn/Drift
20260401;I004K1;5420;DRIFT;44501.0;Pensjonspremie SPK;TX10287;Lønn/Drift
20260401;I004K1;6300;DRIFT;85000.0;Husleie og lokaler;TX10288;Drift/Lokaler
20260401;I004K1;6420;DRIFT;25000.0;IKT lisenser og datasystemer;TX10289;Drift/IKT
20260401;I004K1;7130;DRIFT;6051.0;Reise og diett;TX10290;Drift/Reise
20260401;I004K1;5050;DRIFT;61379.0;Overtid praksisoppfølging;TX10291;Use Case 6: Overtid/Sykdom
20260401;I004K2;5100;EVU001;87971.09999999999;Prosjektlønn forsker/stipendiat;TX10292;BOA/Lønn
20260401;I004K2;6800;EVU001;37701.9;Prosjektdrift og laboratoriemateriell;TX10293;BOA/Drift
20260401;I004K2;3450;EVU001;-110000.0;Oppdragsfaktura EVU;TX10294;Use Case 3: SRS 9 Inntekt
20260401;I007K1;5000;DRIFT;456290.0;Månedslønn faste ansatte;TX10295;Lønn/Drift
20260401;I007K1;5400;DRIFT;64336.89;Arbeidsgiveravgift;TX10296;Lønn/Drift
20260401;I007K1;5420;DRIFT;45629.0;Pensjonspremie SPK;TX10297;Lønn/Drift
20260401;I007K1;6300;DRIFT;85000.0;Husleie og lokaler;TX10298;Drift/Lokaler
20260401;I007K1;6420;DRIFT;25000.0;IKT lisenser og datasystemer;TX10299;Drift/IKT
20260401;I007K1;7130;DRIFT;13773.0;Reise og diett;TX10300;Drift/Reise
20260401;I007K2;5100;EVU001;76535.9;Prosjektlønn forsker/stipendiat;TX10301;BOA/Lønn
20260401;I007K2;6800;EVU001;32801.1;Prosjektdrift og laboratoriemateriell;TX10302;BOA/Drift
20260401;I007K2;3450;EVU001;-110000.0;Oppdragsfaktura EVU;TX10303;Use Case 3: SRS 9 Inntekt
20260401;I013K1;5000;DRIFT;443826.0;Månedslønn faste ansatte;TX10304;Lønn/Drift
20260401;I013K1;5400;DRIFT;62579.47;Arbeidsgiveravgift;TX10305;Lønn/Drift
20260401;I013K1;5420;DRIFT;44382.6;Pensjonspremie SPK;TX10306;Lønn/Drift
20260401;I013K1;6300;DRIFT;85000.0;Husleie og lokaler;TX10307;Drift/Lokaler
20260401;I013K1;6420;DRIFT;25000.0;IKT lisenser og datasystemer;TX10308;Drift/IKT
20260401;I013K1;7130;DRIFT;23585.0;Reise og diett;TX10309;Drift/Reise
20260401;I013K2;5100;EVU001;87935.4;Prosjektlønn forsker/stipendiat;TX10310;BOA/Lønn
20260401;I013K2;6800;EVU001;37686.6;Prosjektdrift og laboratoriemateriell;TX10311;BOA/Drift
20260401;I013K2;3450;EVU001;-110000.0;Oppdragsfaktura EVU;TX10312;Use Case 3: SRS 9 Inntekt
20260401;I014K1;5000;DRIFT;443934.0;Månedslønn faste ansatte;TX10313;Lønn/Drift
20260401;I014K1;5400;DRIFT;62594.69;Arbeidsgiveravgift;TX10314;Lønn/Drift
20260401;I014K1;5420;DRIFT;44393.4;Pensjonspremie SPK;TX10315;Lønn/Drift
20260401;I014K1;6300;DRIFT;85000.0;Husleie og lokaler;TX10316;Drift/Lokaler
20260401;I014K1;6420;DRIFT;25000.0;IKT lisenser og datasystemer;TX10317;Drift/IKT
20260401;I014K1;7130;DRIFT;21358.0;Reise og diett;TX10318;Drift/Reise
20260401;I014K2;5100;EVU001;91649.59999999999;Prosjektlønn forsker/stipendiat;TX10319;BOA/Lønn
20260401;I014K2;6800;EVU001;39278.4;Prosjektdrift og laboratoriemateriell;TX10320;BOA/Drift
20260401;I014K2;3450;EVU001;-110000.0;Oppdragsfaktura EVU;TX10321;Use Case 3: SRS 9 Inntekt
20260401;I016K1;5000;DRIFT;472129.0;Månedslønn faste ansatte;TX10322;Lønn/Drift
20260401;I016K1;5400;DRIFT;66570.19;Arbeidsgiveravgift;TX10323;Lønn/Drift
20260401;I016K1;5420;DRIFT;47212.9;Pensjonspremie SPK;TX10324;Lønn/Drift
20260401;I016K1;6300;DRIFT;85000.0;Husleie og lokaler;TX10325;Drift/Lokaler
20260401;I016K1;6420;DRIFT;25000.0;IKT lisenser og datasystemer;TX10326;Drift/IKT
20260401;I016K1;7130;DRIFT;20035.0;Reise og diett;TX10327;Drift/Reise
20260401;I016K1;2080;DRIFT;-2400000.0;Avsetning ubenyttet rammebevilgning (F-05-20 > 5%);TX10328;Use Case 1: F-05-20 Avsetning
20260401;I016K2;5100;NFR001;80054.09999999999;Prosjektlønn forsker/stipendiat;TX10329;BOA/Lønn
20260401;I016K2;6800;NFR001;34308.9;Prosjektdrift og laboratoriemateriell;TX10330;BOA/Drift
20260401;I016K2;3400;NFR001;-114363.0;SRS 10 Inntektsføring bidrag;TX10331;Use Case 2: SRS 10 Motsatt sammenstilling
20260401;I016K2;2180;NFR001;114363.0;Reduksjon mottatt forskuddsbetaling bidrag;TX10332;Use Case 2: SRS 10 Balanse
20260401;I017K1;5000;DRIFT;447359.0;Månedslønn faste ansatte;TX10333;Lønn/Drift
20260401;I017K1;5400;DRIFT;63077.62;Arbeidsgiveravgift;TX10334;Lønn/Drift
20260401;I017K1;5420;DRIFT;44735.9;Pensjonspremie SPK;TX10335;Lønn/Drift
20260401;I017K1;6300;DRIFT;85000.0;Husleie og lokaler;TX10336;Drift/Lokaler
20260401;I017K1;6420;DRIFT;25000.0;IKT lisenser og datasystemer;TX10337;Drift/IKT
20260401;I017K1;7130;DRIFT;9575.0;Reise og diett;TX10338;Drift/Reise
20260401;I017K2;5100;EVU001;84813.4;Prosjektlønn forsker/stipendiat;TX10339;BOA/Lønn
20260401;I017K2;6800;EVU001;36348.6;Prosjektdrift og laboratoriemateriell;TX10340;BOA/Drift
20260401;I017K2;3450;EVU001;-110000.0;Oppdragsfaktura EVU;TX10341;Use Case 3: SRS 9 Inntekt
20260401;I019K1;5000;DRIFT;478823.0;Månedslønn faste ansatte;TX10342;Lønn/Drift
20260401;I019K1;5400;DRIFT;67514.04;Arbeidsgiveravgift;TX10343;Lønn/Drift
20260401;I019K1;5420;DRIFT;47882.3;Pensjonspremie SPK;TX10344;Lønn/Drift
20260401;I019K1;6300;DRIFT;85000.0;Husleie og lokaler;TX10345;Drift/Lokaler
20260401;I019K1;6420;DRIFT;25000.0;IKT lisenser og datasystemer;TX10346;Drift/IKT
20260401;I019K1;7130;DRIFT;23394.0;Reise og diett;TX10347;Drift/Reise
20260401;I020K1;5000;DRIFT;465322.0;Månedslønn faste ansatte;TX10348;Lønn/Drift
20260401;I020K1;5400;DRIFT;65610.4;Arbeidsgiveravgift;TX10349;Lønn/Drift
20260401;I020K1;5420;DRIFT;46532.2;Pensjonspremie SPK;TX10350;Lønn/Drift
20260401;I020K1;6300;DRIFT;85000.0;Husleie og lokaler;TX10351;Drift/Lokaler
20260401;I020K1;6420;DRIFT;25000.0;IKT lisenser og datasystemer;TX10352;Drift/IKT
20260401;I020K1;7130;DRIFT;13609.0;Reise og diett;TX10353;Drift/Reise
20260401;I020K1;6050;INV001;33333.33;Månedlig avskrivning serverpark (5 år);TX10354;Use Case 4: SRS 17 Avskrivning
20260501;I001K1;5000;DRIFT;478956.0;Månedslønn faste ansatte;TX10355;Lønn/Drift
20260501;I001K1;5400;DRIFT;67532.8;Arbeidsgiveravgift;TX10356;Lønn/Drift
20260501;I001K1;5420;DRIFT;47895.6;Pensjonspremie SPK;TX10357;Lønn/Drift
20260501;I001K1;6300;DRIFT;85000.0;Husleie og lokaler;TX10358;Drift/Lokaler
20260501;I001K1;6420;DRIFT;25000.0;IKT lisenser og datasystemer;TX10359;Drift/IKT
20260501;I001K1;7130;DRIFT;24155.0;Reise og diett;TX10360;Drift/Reise
20260501;I001K2;5100;EU001;93153.9;Prosjektlønn forsker/stipendiat;TX10361;BOA/Lønn
20260501;I001K2;6800;EU001;39923.1;Prosjektdrift og laboratoriemateriell;TX10362;BOA/Drift
20260501;I001K2;3420;EU001;-133077.0;SRS 10 Inntektsføring bidrag;TX10363;Use Case 2: SRS 10 Motsatt sammenstilling
20260501;I001K2;2180;EU001;133077.0;Reduksjon mottatt forskuddsbetaling bidrag;TX10364;Use Case 2: SRS 10 Balanse
20260501;I002K1;5000;DRIFT;468242.0;Månedslønn faste ansatte;TX10365;Lønn/Drift
20260501;I002K1;5400;DRIFT;66022.12;Arbeidsgiveravgift;TX10366;Lønn/Drift
20260501;I002K1;5420;DRIFT;46824.2;Pensjonspremie SPK;TX10367;Lønn/Drift
20260501;I002K1;6300;DRIFT;85000.0;Husleie og lokaler;TX10368;Drift/Lokaler
20260501;I002K1;6420;DRIFT;25000.0;IKT lisenser og datasystemer;TX10369;Drift/IKT
20260501;I002K1;7130;DRIFT;18087.0;Reise og diett;TX10370;Drift/Reise
20260501;I002K2;5100;EVU001;90106.09999999999;Prosjektlønn forsker/stipendiat;TX10371;BOA/Lønn
20260501;I002K2;6800;EVU001;38616.9;Prosjektdrift og laboratoriemateriell;TX10372;BOA/Drift
20260501;I002K2;3450;EVU001;-110000.0;Oppdragsfaktura EVU;TX10373;Use Case 3: SRS 9 Inntekt
20260501;I004K1;5000;DRIFT;444373.0;Månedslønn faste ansatte;TX10374;Lønn/Drift
20260501;I004K1;5400;DRIFT;62656.59;Arbeidsgiveravgift;TX10375;Lønn/Drift
20260501;I004K1;5420;DRIFT;44437.3;Pensjonspremie SPK;TX10376;Lønn/Drift
20260501;I004K1;6300;DRIFT;85000.0;Husleie og lokaler;TX10377;Drift/Lokaler
20260501;I004K1;6420;DRIFT;25000.0;IKT lisenser og datasystemer;TX10378;Drift/IKT
20260501;I004K1;7130;DRIFT;9532.0;Reise og diett;TX10379;Drift/Reise
20260501;I004K1;5050;DRIFT;51696.0;Overtid praksisoppfølging;TX10380;Use Case 6: Overtid/Sykdom
20260501;I004K2;5100;EVU001;96140.09999999999;Prosjektlønn forsker/stipendiat;TX10381;BOA/Lønn
20260501;I004K2;6800;EVU001;41202.9;Prosjektdrift og laboratoriemateriell;TX10382;BOA/Drift
20260501;I004K2;3450;EVU001;-110000.0;Oppdragsfaktura EVU;TX10383;Use Case 3: SRS 9 Inntekt
20260501;I007K1;5000;DRIFT;435957.0;Månedslønn faste ansatte;TX10384;Lønn/Drift
20260501;I007K1;5400;DRIFT;61469.94;Arbeidsgiveravgift;TX10385;Lønn/Drift
20260501;I007K1;5420;DRIFT;43595.7;Pensjonspremie SPK;TX10386;Lønn/Drift
20260501;I007K1;6300;DRIFT;85000.0;Husleie og lokaler;TX10387;Drift/Lokaler
20260501;I007K1;6420;DRIFT;25000.0;IKT lisenser og datasystemer;TX10388;Drift/IKT
20260501;I007K1;7130;DRIFT;6543.0;Reise og diett;TX10389;Drift/Reise
20260501;I007K2;5100;EVU001;78529.5;Prosjektlønn forsker/stipendiat;TX10390;BOA/Lønn
20260501;I007K2;6800;EVU001;33655.5;Prosjektdrift og laboratoriemateriell;TX10391;BOA/Drift
20260501;I007K2;3450;EVU001;-110000.0;Oppdragsfaktura EVU;TX10392;Use Case 3: SRS 9 Inntekt
20260501;I013K1;5000;DRIFT;440016.0;Månedslønn faste ansatte;TX10393;Lønn/Drift
20260501;I013K1;5400;DRIFT;62042.26;Arbeidsgiveravgift;TX10394;Lønn/Drift
20260501;I013K1;5420;DRIFT;44001.6;Pensjonspremie SPK;TX10395;Lønn/Drift
20260501;I013K1;6300;DRIFT;85000.0;Husleie og lokaler;TX10396;Drift/Lokaler
20260501;I013K1;6420;DRIFT;25000.0;IKT lisenser og datasystemer;TX10397;Drift/IKT
20260501;I013K1;7130;DRIFT;10242.0;Reise og diett;TX10398;Drift/Reise
20260501;I013K2;5100;EVU001;92866.2;Prosjektlønn forsker/stipendiat;TX10399;BOA/Lønn
20260501;I013K2;6800;EVU001;39799.799999999996;Prosjektdrift og laboratoriemateriell;TX10400;BOA/Drift
20260501;I013K2;3450;EVU001;-110000.0;Oppdragsfaktura EVU;TX10401;Use Case 3: SRS 9 Inntekt
20260501;I014K1;5000;DRIFT;469086.0;Månedslønn faste ansatte;TX10402;Lønn/Drift
20260501;I014K1;5400;DRIFT;66141.13;Arbeidsgiveravgift;TX10403;Lønn/Drift
20260501;I014K1;5420;DRIFT;46908.6;Pensjonspremie SPK;TX10404;Lønn/Drift
20260501;I014K1;6300;DRIFT;85000.0;Husleie og lokaler;TX10405;Drift/Lokaler
20260501;I014K1;6420;DRIFT;25000.0;IKT lisenser og datasystemer;TX10406;Drift/IKT
20260501;I014K1;7130;DRIFT;7081.0;Reise og diett;TX10407;Drift/Reise
20260501;I014K2;5100;EVU001;91151.2;Prosjektlønn forsker/stipendiat;TX10408;BOA/Lønn
20260501;I014K2;6800;EVU001;39064.799999999996;Prosjektdrift og laboratoriemateriell;TX10409;BOA/Drift
20260501;I014K2;3450;EVU001;-110000.0;Oppdragsfaktura EVU;TX10410;Use Case 3: SRS 9 Inntekt
20260501;I016K1;5000;DRIFT;455009.0;Månedslønn faste ansatte;TX10411;Lønn/Drift
20260501;I016K1;5400;DRIFT;64156.27;Arbeidsgiveravgift;TX10412;Lønn/Drift
20260501;I016K1;5420;DRIFT;45500.9;Pensjonspremie SPK;TX10413;Lønn/Drift
20260501;I016K1;6300;DRIFT;85000.0;Husleie og lokaler;TX10414;Drift/Lokaler
20260501;I016K1;6420;DRIFT;25000.0;IKT lisenser og datasystemer;TX10415;Drift/IKT
20260501;I016K1;7130;DRIFT;24526.0;Reise og diett;TX10416;Drift/Reise
20260501;I016K1;6710;DRIFT;620000.0;Konsulentbistand lab-PLS (Avvik FOA del II);TX10417;Use Case 5: FOA Anskaffelsesavvik
20260501;I016K2;5100;NFR001;94971.79999999999;Prosjektlønn forsker/stipendiat;TX10418;BOA/Lønn
20260501;I016K2;6800;NFR001;40702.2;Prosjektdrift og laboratoriemateriell;TX10419;BOA/Drift
20260501;I016K2;3400;NFR001;-135674.0;SRS 10 Inntektsføring bidrag;TX10420;Use Case 2: SRS 10 Motsatt sammenstilling
20260501;I016K2;2180;NFR001;135674.0;Reduksjon mottatt forskuddsbetaling bidrag;TX10421;Use Case 2: SRS 10 Balanse
20260501;I017K1;5000;DRIFT;464676.0;Månedslønn faste ansatte;TX10422;Lønn/Drift
20260501;I017K1;5400;DRIFT;65519.32;Arbeidsgiveravgift;TX10423;Lønn/Drift
20260501;I017K1;5420;DRIFT;46467.6;Pensjonspremie SPK;TX10424;Lønn/Drift
20260501;I017K1;6300;DRIFT;85000.0;Husleie og lokaler;TX10425;Drift/Lokaler
20260501;I017K1;6420;DRIFT;25000.0;IKT lisenser og datasystemer;TX10426;Drift/IKT
20260501;I017K1;7130;DRIFT;13238.0;Reise og diett;TX10427;Drift/Reise
20260501;I017K2;5100;EVU001;98879.2;Prosjektlønn forsker/stipendiat;TX10428;BOA/Lønn
20260501;I017K2;6800;EVU001;42376.799999999996;Prosjektdrift og laboratoriemateriell;TX10429;BOA/Drift
20260501;I017K2;3450;EVU001;-110000.0;Oppdragsfaktura EVU;TX10430;Use Case 3: SRS 9 Inntekt
20260501;I019K1;5000;DRIFT;430752.0;Månedslønn faste ansatte;TX10431;Lønn/Drift
20260501;I019K1;5400;DRIFT;60736.03;Arbeidsgiveravgift;TX10432;Lønn/Drift
20260501;I019K1;5420;DRIFT;43075.2;Pensjonspremie SPK;TX10433;Lønn/Drift
20260501;I019K1;6300;DRIFT;85000.0;Husleie og lokaler;TX10434;Drift/Lokaler
20260501;I019K1;6420;DRIFT;25000.0;IKT lisenser og datasystemer;TX10435;Drift/IKT
20260501;I019K1;7130;DRIFT;8753.0;Reise og diett;TX10436;Drift/Reise
20260501;I020K1;5000;DRIFT;474676.0;Månedslønn faste ansatte;TX10437;Lønn/Drift
20260501;I020K1;5400;DRIFT;66929.32;Arbeidsgiveravgift;TX10438;Lønn/Drift
20260501;I020K1;5420;DRIFT;47467.6;Pensjonspremie SPK;TX10439;Lønn/Drift
20260501;I020K1;6300;DRIFT;85000.0;Husleie og lokaler;TX10440;Drift/Lokaler
20260501;I020K1;6420;DRIFT;25000.0;IKT lisenser og datasystemer;TX10441;Drift/IKT
20260501;I020K1;7130;DRIFT;22595.0;Reise og diett;TX10442;Drift/Reise
20260501;I020K1;6050;INV001;33333.33;Månedlig avskrivning serverpark (5 år);TX10443;Use Case 4: SRS 17 Avskrivning
20260601;I001K1;5000;DRIFT;479209.0;Månedslønn faste ansatte;TX10444;Lønn/Drift
20260601;I001K1;5400;DRIFT;67568.47;Arbeidsgiveravgift;TX10445;Lønn/Drift
20260601;I001K1;5420;DRIFT;47920.9;Pensjonspremie SPK;TX10446;Lønn/Drift
20260601;I001K1;6300;DRIFT;85000.0;Husleie og lokaler;TX10447;Drift/Lokaler
20260601;I001K1;6420;DRIFT;25000.0;IKT lisenser og datasystemer;TX10448;Drift/IKT
20260601;I001K1;7130;DRIFT;13743.0;Reise og diett;TX10449;Drift/Reise
20260601;I001K2;5100;EU001;89105.09999999999;Prosjektlønn forsker/stipendiat;TX10450;BOA/Lønn
20260601;I001K2;6800;EU001;38187.9;Prosjektdrift og laboratoriemateriell;TX10451;BOA/Drift
20260601;I001K2;3420;EU001;-127293.0;SRS 10 Inntektsføring bidrag;TX10452;Use Case 2: SRS 10 Motsatt sammenstilling
20260601;I001K2;2180;EU001;127293.0;Reduksjon mottatt forskuddsbetaling bidrag;TX10453;Use Case 2: SRS 10 Balanse
20260601;I002K1;5000;DRIFT;437310.0;Månedslønn faste ansatte;TX10454;Lønn/Drift
20260601;I002K1;5400;DRIFT;61660.71;Arbeidsgiveravgift;TX10455;Lønn/Drift
20260601;I002K1;5420;DRIFT;43731.0;Pensjonspremie SPK;TX10456;Lønn/Drift
20260601;I002K1;6300;DRIFT;85000.0;Husleie og lokaler;TX10457;Drift/Lokaler
20260601;I002K1;6420;DRIFT;25000.0;IKT lisenser og datasystemer;TX10458;Drift/IKT
20260601;I002K1;7130;DRIFT;14617.0;Reise og diett;TX10459;Drift/Reise
20260601;I002K2;5100;EVU001;93444.4;Prosjektlønn forsker/stipendiat;TX10460;BOA/Lønn
20260601;I002K2;6800;EVU001;40047.6;Prosjektdrift og laboratoriemateriell;TX10461;BOA/Drift
20260601;I002K2;3450;EVU001;-110000.0;Oppdragsfaktura EVU;TX10462;Use Case 3: SRS 9 Inntekt
20260601;I002K2;7790;EVU001;150000.0;SRS 9 Avsetning for forventet tap på oppdrag;TX10463;Use Case 3: SRS 9 Tapsavsetning
20260601;I002K2;2800;EVU001;-150000.0;SRS 9 Kortsiktig tapsavsetning balanse;TX10464;Use Case 3: SRS 9 Balanse
20260601;I004K1;5000;DRIFT;440365.0;Månedslønn faste ansatte;TX10465;Lønn/Drift
20260601;I004K1;5400;DRIFT;62091.46;Arbeidsgiveravgift;TX10466;Lønn/Drift
20260601;I004K1;5420;DRIFT;44036.5;Pensjonspremie SPK;TX10467;Lønn/Drift
20260601;I004K1;6300;DRIFT;85000.0;Husleie og lokaler;TX10468;Drift/Lokaler
20260601;I004K1;6420;DRIFT;25000.0;IKT lisenser og datasystemer;TX10469;Drift/IKT
20260601;I004K1;7130;DRIFT;19867.0;Reise og diett;TX10470;Drift/Reise
20260601;I004K1;5050;DRIFT;35106.0;Overtid praksisoppfølging;TX10471;Use Case 6: Overtid/Sykdom
20260601;I004K1;5800;DRIFT;-42000.0;Refusjon sykepenger NAV;TX10472;Use Case 6: NAV Refusjon
20260601;I004K2;5100;EVU001;85582.7;Prosjektlønn forsker/stipendiat;TX10473;BOA/Lønn
20260601;I004K2;6800;EVU001;36678.299999999996;Prosjektdrift og laboratoriemateriell;TX10474;BOA/Drift
20260601;I004K2;3450;EVU001;-110000.0;Oppdragsfaktura EVU;TX10475;Use Case 3: SRS 9 Inntekt
20260601;I004K2;7790;EVU001;150000.0;SRS 9 Avsetning for forventet tap på oppdrag;TX10476;Use Case 3: SRS 9 Tapsavsetning
20260601;I004K2;2800;EVU001;-150000.0;SRS 9 Kortsiktig tapsavsetning balanse;TX10477;Use Case 3: SRS 9 Balanse
20260601;I007K1;5000;DRIFT;462806.0;Månedslønn faste ansatte;TX10478;Lønn/Drift
20260601;I007K1;5400;DRIFT;65255.65;Arbeidsgiveravgift;TX10479;Lønn/Drift
20260601;I007K1;5420;DRIFT;46280.6;Pensjonspremie SPK;TX10480;Lønn/Drift
20260601;I007K1;6300;DRIFT;85000.0;Husleie og lokaler;TX10481;Drift/Lokaler
20260601;I007K1;6420;DRIFT;25000.0;IKT lisenser og datasystemer;TX10482;Drift/IKT
20260601;I007K1;7130;DRIFT;10854.0;Reise og diett;TX10483;Drift/Reise
20260601;I007K2;5100;EVU001;96789.7;Prosjektlønn forsker/stipendiat;TX10484;BOA/Lønn
20260601;I007K2;6800;EVU001;41481.299999999996;Prosjektdrift og laboratoriemateriell;TX10485;BOA/Drift
20260601;I007K2;3450;EVU001;-110000.0;Oppdragsfaktura EVU;TX10486;Use Case 3: SRS 9 Inntekt
20260601;I007K2;7790;EVU001;150000.0;SRS 9 Avsetning for forventet tap på oppdrag;TX10487;Use Case 3: SRS 9 Tapsavsetning
20260601;I007K2;2800;EVU001;-150000.0;SRS 9 Kortsiktig tapsavsetning balanse;TX10488;Use Case 3: SRS 9 Balanse
20260601;I013K1;5000;DRIFT;436973.0;Månedslønn faste ansatte;TX10489;Lønn/Drift
20260601;I013K1;5400;DRIFT;61613.19;Arbeidsgiveravgift;TX10490;Lønn/Drift
20260601;I013K1;5420;DRIFT;43697.3;Pensjonspremie SPK;TX10491;Lønn/Drift
20260601;I013K1;6300;DRIFT;85000.0;Husleie og lokaler;TX10492;Drift/Lokaler
20260601;I013K1;6420;DRIFT;25000.0;IKT lisenser og datasystemer;TX10493;Drift/IKT
20260601;I013K1;7130;DRIFT;14779.0;Reise og diett;TX10494;Drift/Reise
20260601;I013K2;5100;EVU001;96789.0;Prosjektlønn forsker/stipendiat;TX10495;BOA/Lønn
20260601;I013K2;6800;EVU001;41481.0;Prosjektdrift og laboratoriemateriell;TX10496;BOA/Drift
20260601;I013K2;3450;EVU001;-110000.0;Oppdragsfaktura EVU;TX10497;Use Case 3: SRS 9 Inntekt
20260601;I013K2;7790;EVU001;150000.0;SRS 9 Avsetning for forventet tap på oppdrag;TX10498;Use Case 3: SRS 9 Tapsavsetning
20260601;I013K2;2800;EVU001;-150000.0;SRS 9 Kortsiktig tapsavsetning balanse;TX10499;Use Case 3: SRS 9 Balanse
20260601;I014K1;5000;DRIFT;469909.0;Månedslønn faste ansatte;TX10500;Lønn/Drift
20260601;I014K1;5400;DRIFT;66257.17;Arbeidsgiveravgift;TX10501;Lønn/Drift
20260601;I014K1;5420;DRIFT;46990.9;Pensjonspremie SPK;TX10502;Lønn/Drift
20260601;I014K1;6300;DRIFT;85000.0;Husleie og lokaler;TX10503;Drift/Lokaler
20260601;I014K1;6420;DRIFT;25000.0;IKT lisenser og datasystemer;TX10504;Drift/IKT
20260601;I014K1;7130;DRIFT;11517.0;Reise og diett;TX10505;Drift/Reise
20260601;I014K2;5100;EVU001;80511.2;Prosjektlønn forsker/stipendiat;TX10506;BOA/Lønn
20260601;I014K2;6800;EVU001;34504.799999999996;Prosjektdrift og laboratoriemateriell;TX10507;BOA/Drift
20260601;I014K2;3450;EVU001;-110000.0;Oppdragsfaktura EVU;TX10508;Use Case 3: SRS 9 Inntekt
20260601;I014K2;7790;EVU001;150000.0;SRS 9 Avsetning for forventet tap på oppdrag;TX10509;Use Case 3: SRS 9 Tapsavsetning
20260601;I014K2;2800;EVU001;-150000.0;SRS 9 Kortsiktig tapsavsetning balanse;TX10510;Use Case 3: SRS 9 Balanse
20260601;I016K1;5000;DRIFT;454504.0;Månedslønn faste ansatte;TX10511;Lønn/Drift
20260601;I016K1;5400;DRIFT;64085.06;Arbeidsgiveravgift;TX10512;Lønn/Drift
20260601;I016K1;5420;DRIFT;45450.4;Pensjonspremie SPK;TX10513;Lønn/Drift
20260601;I016K1;6300;DRIFT;85000.0;Husleie og lokaler;TX10514;Drift/Lokaler
20260601;I016K1;6420;DRIFT;25000.0;IKT lisenser og datasystemer;TX10515;Drift/IKT
20260601;I016K1;7130;DRIFT;10293.0;Reise og diett;TX10516;Drift/Reise
20260601;I016K2;5100;NFR001;98243.59999999999;Prosjektlønn forsker/stipendiat;TX10517;BOA/Lønn
20260601;I016K2;6800;NFR001;42104.4;Prosjektdrift og laboratoriemateriell;TX10518;BOA/Drift
20260601;I016K2;3400;NFR001;-140348.0;SRS 10 Inntektsføring bidrag;TX10519;Use Case 2: SRS 10 Motsatt sammenstilling
20260601;I016K2;2180;NFR001;140348.0;Reduksjon mottatt forskuddsbetaling bidrag;TX10520;Use Case 2: SRS 10 Balanse
20260601;I017K1;5000;DRIFT;464757.0;Månedslønn faste ansatte;TX10521;Lønn/Drift
20260601;I017K1;5400;DRIFT;65530.74;Arbeidsgiveravgift;TX10522;Lønn/Drift
20260601;I017K1;5420;DRIFT;46475.7;Pensjonspremie SPK;TX10523;Lønn/Drift
20260601;I017K1;6300;DRIFT;85000.0;Husleie og lokaler;TX10524;Drift/Lokaler
20260601;I017K1;6420;DRIFT;25000.0;IKT lisenser og datasystemer;TX10525;Drift/IKT
20260601;I017K1;7130;DRIFT;5018.0;Reise og diett;TX10526;Drift/Reise
20260601;I017K2;5100;EVU001;100976.4;Prosjektlønn forsker/stipendiat;TX10527;BOA/Lønn
20260601;I017K2;6800;EVU001;43275.6;Prosjektdrift og laboratoriemateriell;TX10528;BOA/Drift
20260601;I017K2;3450;EVU001;-110000.0;Oppdragsfaktura EVU;TX10529;Use Case 3: SRS 9 Inntekt
20260601;I017K2;7790;EVU001;150000.0;SRS 9 Avsetning for forventet tap på oppdrag;TX10530;Use Case 3: SRS 9 Tapsavsetning
20260601;I017K2;2800;EVU001;-150000.0;SRS 9 Kortsiktig tapsavsetning balanse;TX10531;Use Case 3: SRS 9 Balanse
20260601;I019K1;5000;DRIFT;451243.0;Månedslønn faste ansatte;TX10532;Lønn/Drift
20260601;I019K1;5400;DRIFT;63625.26;Arbeidsgiveravgift;TX10533;Lønn/Drift
20260601;I019K1;5420;DRIFT;45124.3;Pensjonspremie SPK;TX10534;Lønn/Drift
20260601;I019K1;6300;DRIFT;85000.0;Husleie og lokaler;TX10535;Drift/Lokaler
20260601;I019K1;6420;DRIFT;25000.0;IKT lisenser og datasystemer;TX10536;Drift/IKT
20260601;I019K1;7130;DRIFT;21010.0;Reise og diett;TX10537;Drift/Reise
20260601;I020K1;5000;DRIFT;431276.0;Månedslønn faste ansatte;TX10538;Lønn/Drift
20260601;I020K1;5400;DRIFT;60809.92;Arbeidsgiveravgift;TX10539;Lønn/Drift
20260601;I020K1;5420;DRIFT;43127.6;Pensjonspremie SPK;TX10540;Lønn/Drift
20260601;I020K1;6300;DRIFT;85000.0;Husleie og lokaler;TX10541;Drift/Lokaler
20260601;I020K1;6420;DRIFT;25000.0;IKT lisenser og datasystemer;TX10542;Drift/IKT
20260601;I020K1;7130;DRIFT;8665.0;Reise og diett;TX10543;Drift/Reise
20260601;I020K1;6050;INV001;33333.33;Månedlig avskrivning serverpark (5 år);TX10544;Use Case 4: SRS 17 Avskrivning
20260701;I001K1;5000;DRIFT;453788.0;Månedslønn faste ansatte;TX10545;Lønn/Drift
20260701;I001K1;5400;DRIFT;63984.11;Arbeidsgiveravgift;TX10546;Lønn/Drift
20260701;I001K1;5420;DRIFT;45378.8;Pensjonspremie SPK;TX10547;Lønn/Drift
20260701;I001K1;6300;DRIFT;85000.0;Husleie og lokaler;TX10548;Drift/Lokaler
20260701;I001K1;6420;DRIFT;25000.0;IKT lisenser og datasystemer;TX10549;Drift/IKT
20260701;I001K1;7130;DRIFT;15076.0;Reise og diett;TX10550;Drift/Reise
20260701;I001K2;5100;EU001;84484.4;Prosjektlønn forsker/stipendiat;TX10551;BOA/Lønn
20260701;I001K2;6800;EU001;36207.6;Prosjektdrift og laboratoriemateriell;TX10552;BOA/Drift
20260701;I001K2;3420;EU001;-120692.0;SRS 10 Inntektsføring bidrag;TX10553;Use Case 2: SRS 10 Motsatt sammenstilling
20260701;I001K2;2180;EU001;120692.0;Reduksjon mottatt forskuddsbetaling bidrag;TX10554;Use Case 2: SRS 10 Balanse
20260701;I002K1;5000;DRIFT;433796.0;Månedslønn faste ansatte;TX10555;Lønn/Drift
20260701;I002K1;5400;DRIFT;61165.24;Arbeidsgiveravgift;TX10556;Lønn/Drift
20260701;I002K1;5420;DRIFT;43379.6;Pensjonspremie SPK;TX10557;Lønn/Drift
20260701;I002K1;6300;DRIFT;85000.0;Husleie og lokaler;TX10558;Drift/Lokaler
20260701;I002K1;6420;DRIFT;25000.0;IKT lisenser og datasystemer;TX10559;Drift/IKT
20260701;I002K1;7130;DRIFT;12892.0;Reise og diett;TX10560;Drift/Reise
20260701;I002K2;5100;EVU001;99527.4;Prosjektlønn forsker/stipendiat;TX10561;BOA/Lønn
20260701;I002K2;6800;EVU001;42654.6;Prosjektdrift og laboratoriemateriell;TX10562;BOA/Drift
20260701;I002K2;3450;EVU001;-110000.0;Oppdragsfaktura EVU;TX10563;Use Case 3: SRS 9 Inntekt
20260701;I004K1;5000;DRIFT;435161.0;Månedslønn faste ansatte;TX10564;Lønn/Drift
20260701;I004K1;5400;DRIFT;61357.7;Arbeidsgiveravgift;TX10565;Lønn/Drift
20260701;I004K1;5420;DRIFT;43516.1;Pensjonspremie SPK;TX10566;Lønn/Drift
20260701;I004K1;6300;DRIFT;85000.0;Husleie og lokaler;TX10567;Drift/Lokaler
20260701;I004K1;6420;DRIFT;25000.0;IKT lisenser og datasystemer;TX10568;Drift/IKT
20260701;I004K1;7130;DRIFT;7806.0;Reise og diett;TX10569;Drift/Reise
20260701;I004K1;5050;DRIFT;58983.0;Overtid praksisoppfølging;TX10570;Use Case 6: Overtid/Sykdom
20260701;I004K2;5100;EVU001;95794.29999999999;Prosjektlønn forsker/stipendiat;TX10571;BOA/Lønn
20260701;I004K2;6800;EVU001;41054.7;Prosjektdrift og laboratoriemateriell;TX10572;BOA/Drift
20260701;I004K2;3450;EVU001;-110000.0;Oppdragsfaktura EVU;TX10573;Use Case 3: SRS 9 Inntekt
20260701;I007K1;5000;DRIFT;434535.0;Månedslønn faste ansatte;TX10574;Lønn/Drift
20260701;I007K1;5400;DRIFT;61269.43;Arbeidsgiveravgift;TX10575;Lønn/Drift
20260701;I007K1;5420;DRIFT;43453.5;Pensjonspremie SPK;TX10576;Lønn/Drift
20260701;I007K1;6300;DRIFT;85000.0;Husleie og lokaler;TX10577;Drift/Lokaler
20260701;I007K1;6420;DRIFT;25000.0;IKT lisenser og datasystemer;TX10578;Drift/IKT
20260701;I007K1;7130;DRIFT;22455.0;Reise og diett;TX10579;Drift/Reise
20260701;I007K2;5100;EVU001;79268.7;Prosjektlønn forsker/stipendiat;TX10580;BOA/Lønn
20260701;I007K2;6800;EVU001;33972.299999999996;Prosjektdrift og laboratoriemateriell;TX10581;BOA/Drift
20260701;I007K2;3450;EVU001;-110000.0;Oppdragsfaktura EVU;TX10582;Use Case 3: SRS 9 Inntekt
20260701;I013K1;5000;DRIFT;438414.0;Månedslønn faste ansatte;TX10583;Lønn/Drift
20260701;I013K1;5400;DRIFT;61816.37;Arbeidsgiveravgift;TX10584;Lønn/Drift
20260701;I013K1;5420;DRIFT;43841.4;Pensjonspremie SPK;TX10585;Lønn/Drift
20260701;I013K1;6300;DRIFT;85000.0;Husleie og lokaler;TX10586;Drift/Lokaler
20260701;I013K1;6420;DRIFT;25000.0;IKT lisenser og datasystemer;TX10587;Drift/IKT
20260701;I013K1;7130;DRIFT;20574.0;Reise og diett;TX10588;Drift/Reise
20260701;I013K2;5100;EVU001;98721.7;Prosjektlønn forsker/stipendiat;TX10589;BOA/Lønn
20260701;I013K2;6800;EVU001;42309.299999999996;Prosjektdrift og laboratoriemateriell;TX10590;BOA/Drift
20260701;I013K2;3450;EVU001;-110000.0;Oppdragsfaktura EVU;TX10591;Use Case 3: SRS 9 Inntekt
20260701;I014K1;5000;DRIFT;440821.0;Månedslønn faste ansatte;TX10592;Lønn/Drift
20260701;I014K1;5400;DRIFT;62155.76;Arbeidsgiveravgift;TX10593;Lønn/Drift
20260701;I014K1;5420;DRIFT;44082.1;Pensjonspremie SPK;TX10594;Lønn/Drift
20260701;I014K1;6300;DRIFT;85000.0;Husleie og lokaler;TX10595;Drift/Lokaler
20260701;I014K1;6420;DRIFT;25000.0;IKT lisenser og datasystemer;TX10596;Drift/IKT
20260701;I014K1;7130;DRIFT;13685.0;Reise og diett;TX10597;Drift/Reise
20260701;I014K2;5100;EVU001;97706.7;Prosjektlønn forsker/stipendiat;TX10598;BOA/Lønn
20260701;I014K2;6800;EVU001;41874.299999999996;Prosjektdrift og laboratoriemateriell;TX10599;BOA/Drift
20260701;I014K2;3450;EVU001;-110000.0;Oppdragsfaktura EVU;TX10600;Use Case 3: SRS 9 Inntekt
20260701;I016K1;5000;DRIFT;469753.0;Månedslønn faste ansatte;TX10601;Lønn/Drift
20260701;I016K1;5400;DRIFT;66235.17;Arbeidsgiveravgift;TX10602;Lønn/Drift
20260701;I016K1;5420;DRIFT;46975.3;Pensjonspremie SPK;TX10603;Lønn/Drift
20260701;I016K1;6300;DRIFT;85000.0;Husleie og lokaler;TX10604;Drift/Lokaler
20260701;I016K1;6420;DRIFT;25000.0;IKT lisenser og datasystemer;TX10605;Drift/IKT
20260701;I016K1;7130;DRIFT;18865.0;Reise og diett;TX10606;Drift/Reise
20260701;I016K2;5100;NFR001;83216.0;Prosjektlønn forsker/stipendiat;TX10607;BOA/Lønn
20260701;I016K2;6800;NFR001;35664.0;Prosjektdrift og laboratoriemateriell;TX10608;BOA/Drift
20260701;I016K2;3400;NFR001;-118880.0;SRS 10 Inntektsføring bidrag;TX10609;Use Case 2: SRS 10 Motsatt sammenstilling
20260701;I016K2;2180;NFR001;118880.0;Reduksjon mottatt forskuddsbetaling bidrag;TX10610;Use Case 2: SRS 10 Balanse
20260701;I017K1;5000;DRIFT;465343.0;Månedslønn faste ansatte;TX10611;Lønn/Drift
20260701;I017K1;5400;DRIFT;65613.36;Arbeidsgiveravgift;TX10612;Lønn/Drift
20260701;I017K1;5420;DRIFT;46534.3;Pensjonspremie SPK;TX10613;Lønn/Drift
20260701;I017K1;6300;DRIFT;85000.0;Husleie og lokaler;TX10614;Drift/Lokaler
20260701;I017K1;6420;DRIFT;25000.0;IKT lisenser og datasystemer;TX10615;Drift/IKT
20260701;I017K1;7130;DRIFT;11591.0;Reise og diett;TX10616;Drift/Reise
20260701;I017K2;5100;EVU001;87799.59999999999;Prosjektlønn forsker/stipendiat;TX10617;BOA/Lønn
20260701;I017K2;6800;EVU001;37628.4;Prosjektdrift og laboratoriemateriell;TX10618;BOA/Drift
20260701;I017K2;3450;EVU001;-110000.0;Oppdragsfaktura EVU;TX10619;Use Case 3: SRS 9 Inntekt
20260701;I019K1;5000;DRIFT;456148.0;Månedslønn faste ansatte;TX10620;Lønn/Drift
20260701;I019K1;5400;DRIFT;64316.87;Arbeidsgiveravgift;TX10621;Lønn/Drift
20260701;I019K1;5420;DRIFT;45614.8;Pensjonspremie SPK;TX10622;Lønn/Drift
20260701;I019K1;6300;DRIFT;85000.0;Husleie og lokaler;TX10623;Drift/Lokaler
20260701;I019K1;6420;DRIFT;25000.0;IKT lisenser og datasystemer;TX10624;Drift/IKT
20260701;I019K1;7130;DRIFT;17236.0;Reise og diett;TX10625;Drift/Reise
20260701;I020K1;5000;DRIFT;458711.0;Månedslønn faste ansatte;TX10626;Lønn/Drift
20260701;I020K1;5400;DRIFT;64678.25;Arbeidsgiveravgift;TX10627;Lønn/Drift
20260701;I020K1;5420;DRIFT;45871.1;Pensjonspremie SPK;TX10628;Lønn/Drift
20260701;I020K1;6300;DRIFT;85000.0;Husleie og lokaler;TX10629;Drift/Lokaler
20260701;I020K1;6420;DRIFT;25000.0;IKT lisenser og datasystemer;TX10630;Drift/IKT
20260701;I020K1;7130;DRIFT;21959.0;Reise og diett;TX10631;Drift/Reise
20260701;I020K1;6050;INV001;33333.33;Månedlig avskrivning serverpark (5 år);TX10632;Use Case 4: SRS 17 Avskrivning
20260801;I001K1;5000;DRIFT;459588.0;Månedslønn faste ansatte;TX10633;Lønn/Drift
20260801;I001K1;5400;DRIFT;64801.91;Arbeidsgiveravgift;TX10634;Lønn/Drift
20260801;I001K1;5420;DRIFT;45958.8;Pensjonspremie SPK;TX10635;Lønn/Drift
20260801;I001K1;6300;DRIFT;85000.0;Husleie og lokaler;TX10636;Drift/Lokaler
20260801;I001K1;6420;DRIFT;25000.0;IKT lisenser og datasystemer;TX10637;Drift/IKT
20260801;I001K1;7130;DRIFT;8965.0;Reise og diett;TX10638;Drift/Reise
20260801;I001K2;5100;EU001;84872.2;Prosjektlønn forsker/stipendiat;TX10639;BOA/Lønn
20260801;I001K2;6800;EU001;36373.799999999996;Prosjektdrift og laboratoriemateriell;TX10640;BOA/Drift
20260801;I001K2;3420;EU001;-121246.0;SRS 10 Inntektsføring bidrag;TX10641;Use Case 2: SRS 10 Motsatt sammenstilling
20260801;I001K2;2180;EU001;121246.0;Reduksjon mottatt forskuddsbetaling bidrag;TX10642;Use Case 2: SRS 10 Balanse
20260801;I002K1;5000;DRIFT;444725.0;Månedslønn faste ansatte;TX10643;Lønn/Drift
20260801;I002K1;5400;DRIFT;62706.22;Arbeidsgiveravgift;TX10644;Lønn/Drift
20260801;I002K1;5420;DRIFT;44472.5;Pensjonspremie SPK;TX10645;Lønn/Drift
20260801;I002K1;6300;DRIFT;85000.0;Husleie og lokaler;TX10646;Drift/Lokaler
20260801;I002K1;6420;DRIFT;25000.0;IKT lisenser og datasystemer;TX10647;Drift/IKT
20260801;I002K1;7130;DRIFT;7098.0;Reise og diett;TX10648;Drift/Reise
20260801;I002K2;5100;EVU001;89009.2;Prosjektlønn forsker/stipendiat;TX10649;BOA/Lønn
20260801;I002K2;6800;EVU001;38146.799999999996;Prosjektdrift og laboratoriemateriell;TX10650;BOA/Drift
20260801;I002K2;3450;EVU001;-110000.0;Oppdragsfaktura EVU;TX10651;Use Case 3: SRS 9 Inntekt
20260801;I004K1;5000;DRIFT;431378.0;Månedslønn faste ansatte;TX10652;Lønn/Drift
20260801;I004K1;5400;DRIFT;60824.3;Arbeidsgiveravgift;TX10653;Lønn/Drift
20260801;I004K1;5420;DRIFT;43137.8;Pensjonspremie SPK;TX10654;Lønn/Drift
20260801;I004K1;6300;DRIFT;85000.0;Husleie og lokaler;TX10655;Drift/Lokaler
20260801;I004K1;6420;DRIFT;25000.0;IKT lisenser og datasystemer;TX10656;Drift/IKT
20260801;I004K1;7130;DRIFT;24277.0;Reise og diett;TX10657;Drift/Reise
20260801;I004K1;5050;DRIFT;53150.0;Overtid praksisoppfølging;TX10658;Use Case 6: Overtid/Sykdom
20260801;I004K2;5100;EVU001;84056.0;Prosjektlønn forsker/stipendiat;TX10659;BOA/Lønn
20260801;I004K2;6800;EVU001;36024.0;Prosjektdrift og laboratoriemateriell;TX10660;BOA/Drift
20260801;I004K2;3450;EVU001;-110000.0;Oppdragsfaktura EVU;TX10661;Use Case 3: SRS 9 Inntekt
20260801;I007K1;5000;DRIFT;468564.0;Månedslønn faste ansatte;TX10662;Lønn/Drift
20260801;I007K1;5400;DRIFT;66067.52;Arbeidsgiveravgift;TX10663;Lønn/Drift
20260801;I007K1;5420;DRIFT;46856.4;Pensjonspremie SPK;TX10664;Lønn/Drift
20260801;I007K1;6300;DRIFT;85000.0;Husleie og lokaler;TX10665;Drift/Lokaler
20260801;I007K1;6420;DRIFT;25000.0;IKT lisenser og datasystemer;TX10666;Drift/IKT
20260801;I007K1;7130;DRIFT;12216.0;Reise og diett;TX10667;Drift/Reise
20260801;I007K2;5100;EVU001;73829.7;Prosjektlønn forsker/stipendiat;TX10668;BOA/Lønn
20260801;I007K2;6800;EVU001;31641.3;Prosjektdrift og laboratoriemateriell;TX10669;BOA/Drift
20260801;I007K2;3450;EVU001;-110000.0;Oppdragsfaktura EVU;TX10670;Use Case 3: SRS 9 Inntekt
20260801;I013K1;5000;DRIFT;434652.0;Månedslønn faste ansatte;TX10671;Lønn/Drift
20260801;I013K1;5400;DRIFT;61285.93;Arbeidsgiveravgift;TX10672;Lønn/Drift
20260801;I013K1;5420;DRIFT;43465.2;Pensjonspremie SPK;TX10673;Lønn/Drift
20260801;I013K1;6300;DRIFT;85000.0;Husleie og lokaler;TX10674;Drift/Lokaler
20260801;I013K1;6420;DRIFT;25000.0;IKT lisenser og datasystemer;TX10675;Drift/IKT
20260801;I013K1;7130;DRIFT;6929.0;Reise og diett;TX10676;Drift/Reise
20260801;I013K2;5100;EVU001;84002.09999999999;Prosjektlønn forsker/stipendiat;TX10677;BOA/Lønn
20260801;I013K2;6800;EVU001;36000.9;Prosjektdrift og laboratoriemateriell;TX10678;BOA/Drift
20260801;I013K2;3450;EVU001;-110000.0;Oppdragsfaktura EVU;TX10679;Use Case 3: SRS 9 Inntekt
20260801;I014K1;5000;DRIFT;434417.0;Månedslønn faste ansatte;TX10680;Lønn/Drift
20260801;I014K1;5400;DRIFT;61252.8;Arbeidsgiveravgift;TX10681;Lønn/Drift
20260801;I014K1;5420;DRIFT;43441.7;Pensjonspremie SPK;TX10682;Lønn/Drift
20260801;I014K1;6300;DRIFT;85000.0;Husleie og lokaler;TX10683;Drift/Lokaler
20260801;I014K1;6420;DRIFT;25000.0;IKT lisenser og datasystemer;TX10684;Drift/IKT
20260801;I014K1;7130;DRIFT;6029.0;Reise og diett;TX10685;Drift/Reise
20260801;I014K2;5100;EVU001;88657.79999999999;Prosjektlønn forsker/stipendiat;TX10686;BOA/Lønn
20260801;I014K2;6800;EVU001;37996.2;Prosjektdrift og laboratoriemateriell;TX10687;BOA/Drift
20260801;I014K2;3450;EVU001;-110000.0;Oppdragsfaktura EVU;TX10688;Use Case 3: SRS 9 Inntekt
20260801;I016K1;5000;DRIFT;434643.0;Månedslønn faste ansatte;TX10689;Lønn/Drift
20260801;I016K1;5400;DRIFT;61284.66;Arbeidsgiveravgift;TX10690;Lønn/Drift
20260801;I016K1;5420;DRIFT;43464.3;Pensjonspremie SPK;TX10691;Lønn/Drift
20260801;I016K1;6300;DRIFT;85000.0;Husleie og lokaler;TX10692;Drift/Lokaler
20260801;I016K1;6420;DRIFT;25000.0;IKT lisenser og datasystemer;TX10693;Drift/IKT
20260801;I016K1;7130;DRIFT;21847.0;Reise og diett;TX10694;Drift/Reise
20260801;I016K1;2080;DRIFT;-2400000.0;Avsetning ubenyttet rammebevilgning (F-05-20 > 5%);TX10695;Use Case 1: F-05-20 Avsetning
20260801;I016K2;5100;NFR001;84417.9;Prosjektlønn forsker/stipendiat;TX10696;BOA/Lønn
20260801;I016K2;6800;NFR001;36179.1;Prosjektdrift og laboratoriemateriell;TX10697;BOA/Drift
20260801;I016K2;3400;NFR001;-120597.0;SRS 10 Inntektsføring bidrag;TX10698;Use Case 2: SRS 10 Motsatt sammenstilling
20260801;I016K2;2180;NFR001;120597.0;Reduksjon mottatt forskuddsbetaling bidrag;TX10699;Use Case 2: SRS 10 Balanse
20260801;I017K1;5000;DRIFT;448250.0;Månedslønn faste ansatte;TX10700;Lønn/Drift
20260801;I017K1;5400;DRIFT;63203.25;Arbeidsgiveravgift;TX10701;Lønn/Drift
20260801;I017K1;5420;DRIFT;44825.0;Pensjonspremie SPK;TX10702;Lønn/Drift
20260801;I017K1;6300;DRIFT;85000.0;Husleie og lokaler;TX10703;Drift/Lokaler
20260801;I017K1;6420;DRIFT;25000.0;IKT lisenser og datasystemer;TX10704;Drift/IKT
20260801;I017K1;7130;DRIFT;20906.0;Reise og diett;TX10705;Drift/Reise
20260801;I017K2;5100;EVU001;83328.0;Prosjektlønn forsker/stipendiat;TX10706;BOA/Lønn
20260801;I017K2;6800;EVU001;35712.0;Prosjektdrift og laboratoriemateriell;TX10707;BOA/Drift
20260801;I017K2;3450;EVU001;-110000.0;Oppdragsfaktura EVU;TX10708;Use Case 3: SRS 9 Inntekt
20260801;I019K1;5000;DRIFT;465339.0;Månedslønn faste ansatte;TX10709;Lønn/Drift
20260801;I019K1;5400;DRIFT;65612.8;Arbeidsgiveravgift;TX10710;Lønn/Drift
20260801;I019K1;5420;DRIFT;46533.9;Pensjonspremie SPK;TX10711;Lønn/Drift
20260801;I019K1;6300;DRIFT;85000.0;Husleie og lokaler;TX10712;Drift/Lokaler
20260801;I019K1;6420;DRIFT;25000.0;IKT lisenser og datasystemer;TX10713;Drift/IKT
20260801;I019K1;7130;DRIFT;9335.0;Reise og diett;TX10714;Drift/Reise
20260801;I020K1;5000;DRIFT;477405.0;Månedslønn faste ansatte;TX10715;Lønn/Drift
20260801;I020K1;5400;DRIFT;67314.1;Arbeidsgiveravgift;TX10716;Lønn/Drift
20260801;I020K1;5420;DRIFT;47740.5;Pensjonspremie SPK;TX10717;Lønn/Drift
20260801;I020K1;6300;DRIFT;85000.0;Husleie og lokaler;TX10718;Drift/Lokaler
20260801;I020K1;6420;DRIFT;25000.0;IKT lisenser og datasystemer;TX10719;Drift/IKT
20260801;I020K1;7130;DRIFT;23711.0;Reise og diett;TX10720;Drift/Reise
20260801;I020K1;6050;INV001;33333.33;Månedlig avskrivning serverpark (5 år);TX10721;Use Case 4: SRS 17 Avskrivning
